{
  "1179": {
    "SelectedSubMapIndex": 2,
    "SubMapViewData": [
      {
        "Zoom": 0.05387936,
        "Pan": {
          "X": 0.48518893,
          "Y": 0.48853678
        }
      },
      {
        "Zoom": 0.11214018,
        "Pan": {
          "X": 0.5023994,
          "Y": 0.43028826
        }
      },
      {
        "Zoom": 0.05583648,
        "Pan": {
          "X": 0.5,
          "Y": 0.4961152
        }
      }
    ]
  }
}